sku,name,slug,type,status,regular_price,sale_price,department,category_l1,category_l2,description,short_description,materials,finishes,dimensions,lead_time,minimum_order_qty,cad_drawing_url,image_urls,catalog_only_mode
BALA-6016,Bala Bed,bala-bed,simple,publish,,,Furniture,Beds,Beds,"Solid acacia bed frame with panelled headboard and footboard and slatted base. Crafted in Acacia, Desert finish. From the Bala collection. Dimensions: 220cm W x 168cm D x 104cm H.",Solid acacia bed frame with panelled headboard and footboard and slatted base.,Acacia,Desert,220cm W x 168cm D x 104cm H,,1,,bala-bed_1.webp,1
SHORA-4295,Shora Double Bed,shora-double-bed,simple,publish,,,Furniture,Beds,Beds,"Double bed in chunky solid acacia with low panelled headboard and slatted base. Crafted in Acacia, Lime finish finish. From the Shora collection.",Double bed in chunky solid acacia with low panelled headboard and slatted base.,Acacia,Lime finish,,,1,,"shora-double-bed_1.webp,shora-double-bed_2.webp",1
SHORA-4294,Shora Single Bed,shora-single-bed,simple,publish,,,Furniture,Beds,Beds,"Single bed in chunky solid acacia with low panelled headboard and slatted base. Crafted in Acacia, Lime finish finish. From the Shora collection.",Single bed in chunky solid acacia with low panelled headboard and slatted base.,Acacia,Lime finish,,,1,,"shora-single-bed_1.webp,shora-single-bed_2.webp",1
BALA-6027,Bala Wine Rack,bala-wine-rack,simple,publish,,,Furniture,Cabinets,Bar Cabinets,"Tall wine rack cabinet with bottle cubbies over drawer and door. Crafted in Acacia, Desert finish. From the Bala collection. Dimensions: 52cm W x 37cm D x 125cm H.",Tall wine rack cabinet with bottle cubbies over drawer and door.,Acacia,Desert,52cm W x 37cm D x 125cm H,,1,,bala-wine-rack_1.webp,1
PAWAN-3999,Pawan Bar,pawan-bar,simple,publish,,,Furniture,Cabinets,Bar Cabinets,"Bar cabinet with glazed doors opening to bottle racks, glass holders and drawers. Crafted in Mango, Colonial finish. From the Pawan collection. Dimensions: 103cm W x 38cm D x 123cm H.","Bar cabinet with glazed doors opening to bottle racks, glass holders and drawers.",Mango,Colonial,103cm W x 38cm D x 123cm H,,1,,"pawan-bar_1.webp,pawan-bar_2.webp,pawan-bar_3.webp,pawan-bar_4.webp,pawan-bar_5.webp",1
PAWAN-BAR-NOCODE,Pawan Bar Cabinet (Dimple Range),pawan-bar-cabinet-dimple-range,simple,draft,,,Furniture,Cabinets,Bar Cabinets,"Tapered tall bar cabinet with glass door, bottle rack and dimple-carved drawer front. Crafted in Solid Wood, Brushed Steel, Dark Walnut Brown finish. From the Pawan collection.","Tapered tall bar cabinet with glass door, bottle rack and dimple-carved drawer front.","Solid Wood, Brushed Steel",Dark Walnut Brown,,,1,,pawan-bar-cabinet-dimple-range_1.webp,1
PAWAN-4006,Pawan Folding Bar,pawan-folding-bar,simple,publish,,,Furniture,Cabinets,Bar Cabinets,"Folding bar cabinet with glazed doors that open out to reveal bottle racks and shelves. Crafted in Mango, Colonial finish. From the Pawan collection. Dimensions: 90cm W x 48.5cm D x 123cm H.",Folding bar cabinet with glazed doors that open out to reveal bottle racks and shelves.,Mango,Colonial,90cm W x 48.5cm D x 123cm H,,1,,"pawan-folding-bar_1.webp,pawan-folding-bar_2.webp,pawan-folding-bar_3.webp,pawan-folding-bar_4.webp",1
PLUTO-6110,Pluto Bar,pluto-bar,simple,publish,,,Furniture,Cabinets,Bar Cabinets,"Tall two-door glazed bar cabinet in dark acacia. Crafted in Acacia, Max finish. From the Pluto collection. Dimensions: 103cm W x 28cm D x 122cm H.",Tall two-door glazed bar cabinet in dark acacia.,Acacia,Max,103cm W x 28cm D x 122cm H,,1,,pluto-bar_1.webp,1
THAR-6064,Thar Bar,thar-bar,simple,publish,,,Furniture,Cabinets,Bar Cabinets,"Tall wine cabinet with nine bottle cubbies above three ribbed drawers. Crafted in Acacia, Lime Cream finish. From the Thar collection. Dimensions: 52cm W x 35cm D x 124cm H.",Tall wine cabinet with nine bottle cubbies above three ribbed drawers.,Acacia,Lime Cream,52cm W x 35cm D x 124cm H,,1,,"thar-bar_1.webp,thar-bar_2.webp",1
BALA-6012,Bala Book Shelf,bala-book-shelf,simple,publish,,,Furniture,Cabinets,Bookcases,"Tall open bookshelf in solid acacia. Crafted in Acacia, Desert finish. From the Bala collection. Dimensions: 90cm W x 32cm D x 200cm H.",Tall open bookshelf in solid acacia.,Acacia,Desert,90cm W x 32cm D x 200cm H,,1,,bala-book-shelf_1.webp,1
LABH-6144,Labh Entertainment,labh-entertainment,simple,publish,,,Furniture,Cabinets,Bookcases,"Tall open-shelf entertainment unit with two drawers, dark mango. Crafted in Mango, Max Dark finish. From the Labh collection. Dimensions: 65cm W x 40cm D x 180cm H.","Tall open-shelf entertainment unit with two drawers, dark mango.",Mango,Max Dark,65cm W x 40cm D x 180cm H,,1,,labh-entertainment_1.webp,1
PAWAN-1005,Pawan Bookcase (1005),pawan-bookcase-1005,simple,publish,,,Furniture,Cabinets,Bookcases,"Tapered open bookcase with a dimple-carved drawer, on steel feet. Crafted in Solid Wood, Brushed Steel, Dark Walnut Brown finish. From the Pawan collection.","Tapered open bookcase with a dimple-carved drawer, on steel feet.","Solid Wood, Brushed Steel",Dark Walnut Brown,,,1,,"pawan-bookcase-1005_1.webp,pawan-bookcase-1005_2.webp,pawan-bookcase-1005_3.webp,pawan-bookcase-1005_4.webp",1
THAR-6066,Thar Book Shelf (6066),thar-book-shelf-6066,simple,publish,,,Furniture,Cabinets,Bookcases,"Tall narrow open bookshelf in solid acacia. Crafted in Acacia, Lime Cream finish. From the Thar collection. Dimensions: 60cm W x 33cm D x 200cm H.",Tall narrow open bookshelf in solid acacia.,Acacia,Lime Cream,60cm W x 33cm D x 200cm H,,1,,"thar-book-shelf-6066_1.webp,thar-book-shelf-6066_2.webp",1
THAR-6067,Thar Book Shelf (6067),thar-book-shelf-6067,simple,publish,,,Furniture,Cabinets,Bookcases,"Tall open bookshelf in solid acacia (wider version). Crafted in Acacia, Lime Cream finish. From the Thar collection. Dimensions: 90cm W x 33cm D x 200cm H.",Tall open bookshelf in solid acacia (wider version).,Acacia,Lime Cream,90cm W x 33cm D x 200cm H,,1,,thar-book-shelf-6067_1.webp,1
BALA-6020,Bala CD/DVD Rack,bala-cd-dvd-rack,simple,publish,,,Furniture,Cabinets,Cabinets,"Compact CD/DVD rack with open shelves and drawer. Crafted in Acacia, Desert finish. From the Bala collection. Dimensions: 32cm W x 30cm D x 63cm H.",Compact CD/DVD rack with open shelves and drawer.,Acacia,Desert,32cm W x 30cm D x 63cm H,,1,,bala-cd-dvd-rack_1.webp,1
BALA-6028,Bala Entertainment (1 Drawer + 2 Doors),bala-entertainment-1-drawer-2-doors,simple,publish,,,Furniture,Cabinets,Cabinets,"Tall display cabinet with glazed door, drawer and lower door. Crafted in Acacia, Desert finish. From the Bala collection. Dimensions: 69.5cm W x 39.5cm D x 181cm H.","Tall display cabinet with glazed door, drawer and lower door.",Acacia,Desert,69.5cm W x 39.5cm D x 181cm H,,1,,bala-entertainment-1-drawer-2-doors_1.webp,1
BALA-6029,Bala High Board,bala-high-board,simple,publish,,,Furniture,Cabinets,Cabinets,"High board with glazed upper doors over lower cupboard. Crafted in Acacia, Desert finish. From the Bala collection. Dimensions: 112cm W x 40cm D x 155cm H.",High board with glazed upper doors over lower cupboard.,Acacia,Desert,112cm W x 40cm D x 155cm H,,1,,bala-high-board_1.webp,1
BALA-6018,Bala Hutch,bala-hutch,simple,publish,,,Furniture,Cabinets,Cabinets,"Two-piece hutch with glazed upper cabinet over drawers and doors. Crafted in Acacia, Desert finish. From the Bala collection. Dimensions: 112cm W x 45cm D x 202cm H.",Two-piece hutch with glazed upper cabinet over drawers and doors.,Acacia,Desert,112cm W x 45cm D x 202cm H,,1,,bala-hutch_1.webp,1
DRIFTWOOD-DRF08,Driftwood Lattice 2 Doors Cabinet,driftwood-lattice-2-doors-cabinet,simple,publish,,,Furniture,Cabinets,Cabinets,"Two-door cabinet with lattice door fronts in lime sand-blasted mango. Crafted in Mango, Lime Sand Blast finish. From the Driftwood collection. Dimensions: 91cm W x 51cm D x 80cm H.",Two-door cabinet with lattice door fronts in lime sand-blasted mango.,Mango,Lime Sand Blast,91cm W x 51cm D x 80cm H,,1,,"driftwood-lattice-2-doors-cabinet_1.webp,driftwood-lattice-2-doors-cabinet_2.webp,driftwood-lattice-2-doors-cabinet_3.webp",1
LABH-6143,Labh Vitrine,labh-vitrine,simple,publish,,,Furniture,Cabinets,Cabinets,"Glass-door vitrine / display cabinet in dark mango. Crafted in Mango, Max Dark finish. From the Labh collection. Dimensions: 110cm W x 50cm D x 145cm H.",Glass-door vitrine / display cabinet in dark mango.,Mango,Max Dark,110cm W x 50cm D x 145cm H,,1,,labh-vitrine_1.webp,1
PAWAN-4004,Pawan DVD,pawan-dvd,simple,publish,,,Furniture,Cabinets,Cabinets,"DVD cabinet with four drawers and brass hardware on tapered legs. Crafted in Mango, Colonial finish. From the Pawan collection. Dimensions: 66cm W x 36cm D x 94cm H.",DVD cabinet with four drawers and brass hardware on tapered legs.,Mango,Colonial,66cm W x 36cm D x 94cm H,,1,,"pawan-dvd_1.webp,pawan-dvd_2.webp,pawan-dvd_3.webp",1
PAWAN-4002,Pawan Vitrine,pawan-vitrine,simple,publish,,,Furniture,Cabinets,Cabinets,"Tall vitrine with glazed upper doors and four drawers, brass hardware. Crafted in Mango, Colonial finish. From the Pawan collection. Dimensions: 100cm W x 50cm D x 200cm H.","Tall vitrine with glazed upper doors and four drawers, brass hardware.",Mango,Colonial,100cm W x 50cm D x 200cm H,,1,,"pawan-vitrine_1.webp,pawan-vitrine_2.webp",1
PLUTO-6123,Pluto Entertainment,pluto-entertainment,simple,publish,,,Furniture,Cabinets,Cabinets,"Tall display cabinet with glazed upper door and lower doors. Crafted in Acacia, Max finish. From the Pluto collection. Dimensions: 60cm W x 40cm D x 160cm H.",Tall display cabinet with glazed upper door and lower doors.,Acacia,Max,60cm W x 40cm D x 160cm H,,1,,pluto-entertainment_1.webp,1
REED-RI316019,Reed Highboard,reed-highboard,simple,publish,,,Furniture,Cabinets,Cabinets,"Two-door reeded highboard with rounded sides, brass bar handles, internal shelves and two drawers, on black metal legs with brass caps. Crafted in Solid Mango Wood, White Marble Top, Metal, Whitewashed Reeded Mango finish. From the Reed collection. Dimensions: 101.3cm W x 49.6cm D x 120cm H.","Two-door reeded highboard with rounded sides, brass bar handles, internal shelves and two drawers, on black metal legs with brass caps.","Solid Mango Wood, White Marble Top, Metal",Whitewashed Reeded Mango,101.3cm W x 49.6cm D x 120cm H,,1,,"reed-highboard_1.webp,reed-highboard_2.webp,reed-highboard_3.webp,reed-highboard_4.webp,reed-highboard_5.webp,reed-highboard_6.webp,reed-highboard_7.webp,reed-highboard_8.webp,reed-highboard_9.webp,reed-highboard_10.webp,reed-highboard_11.webp,reed-highboard_12.webp,reed-highboard_13.webp,reed-highboard_14.webp,reed-highboard_15.webp,reed-highboard_16.webp",1
THAR-6074,Thar Buffet 2 Pieces (6074),thar-buffet-2-pieces-6074,simple,publish,,,Furniture,Cabinets,Cabinets,"Two-piece buffet: three-door glazed hutch over three-door base. Crafted in Acacia, Lime Cream finish. From the Thar collection. Dimensions: 175cm W x 35cm D x 145cm H.",Two-piece buffet: three-door glazed hutch over three-door base.,Acacia,Lime Cream,175cm W x 35cm D x 145cm H,,1,,"thar-buffet-2-pieces-6074_1.webp,thar-buffet-2-pieces-6074_2.webp",1
THAR-6075,Thar Buffet 2 Pieces (6075),thar-buffet-2-pieces-6075,simple,publish,,,Furniture,Cabinets,Cabinets,"Two-piece buffet: two-door glazed hutch over two-door base. Crafted in Acacia, Lime Cream finish. From the Thar collection. Dimensions: 120cm W x 35cm D x 145cm H.",Two-piece buffet: two-door glazed hutch over two-door base.,Acacia,Lime Cream,120cm W x 35cm D x 145cm H,,1,,"thar-buffet-2-pieces-6075_1.webp,thar-buffet-2-pieces-6075_2.webp",1
THAR-6081,Thar Glass Cabinet,thar-glass-cabinet,simple,publish,,,Furniture,Cabinets,Cabinets,"Glass cabinet with glazed upper section, drawers and lower doors. Crafted in Acacia, Lime Cream finish. From the Thar collection. Dimensions: 126cm W x 37cm D x 160cm H.","Glass cabinet with glazed upper section, drawers and lower doors.",Acacia,Lime Cream,126cm W x 37cm D x 160cm H,,1,,"thar-glass-cabinet_1.webp,thar-glass-cabinet_2.webp",1
BALA-6014,Bala Chest 6 Drawers,bala-chest-6-drawers,simple,publish,,,Furniture,Cabinets,Chests & Dressers,"Tall six-drawer chest in solid acacia with bar handles. Crafted in Acacia, Desert finish. From the Bala collection. Dimensions: 63cm W x 44cm D x 139cm H.",Tall six-drawer chest in solid acacia with bar handles.,Acacia,Desert,63cm W x 44cm D x 139cm H,,1,,"bala-chest-6-drawers_1.webp,bala-chest-6-drawers_2.webp,bala-chest-6-drawers_3.webp,bala-chest-6-drawers_4.webp,bala-chest-6-drawers_5.webp",1
BALA-6009,Bala Dresser (4 Drawers + 2 Doors),bala-dresser-4-drawers-2-doors,simple,publish,,,Furniture,Cabinets,Chests & Dressers,"Wide dresser with four centre drawers flanked by two doors. Crafted in Acacia, Desert finish. From the Bala collection. Dimensions: 200cm W x 45cm D x 90cm H.",Wide dresser with four centre drawers flanked by two doors.,Acacia,Desert,200cm W x 45cm D x 90cm H,,1,,"bala-dresser-4-drawers-2-doors_1.webp,bala-dresser-4-drawers-2-doors_2.webp,bala-dresser-4-drawers-2-doors_3.webp,bala-dresser-4-drawers-2-doors_4.webp,bala-dresser-4-drawers-2-doors_5.webp,bala-dresser-4-drawers-2-doors_6.webp,bala-dresser-4-drawers-2-doors_7.webp,bala-dresser-4-drawers-2-doors_8.webp",1
DRIFTWOOD-DRF07,Driftwood Three Drawer Chest,driftwood-three-drawer-chest,simple,publish,,,Furniture,Cabinets,Chests & Dressers,"Demilune (half-round) three-drawer chest in lime sand-blasted mango with round knobs. Crafted in Mango, Lime Sand Blast finish. From the Driftwood collection. Dimensions: 91.44cm W x 50.8cm D x 104.14cm H.",Demilune (half-round) three-drawer chest in lime sand-blasted mango with round knobs.,Mango,Lime Sand Blast,91.44cm W x 50.8cm D x 104.14cm H,,1,,"driftwood-three-drawer-chest_1.webp,driftwood-three-drawer-chest_2.webp,driftwood-three-drawer-chest_3.webp,driftwood-three-drawer-chest_4.webp,driftwood-three-drawer-chest_5.webp,driftwood-three-drawer-chest_6.webp,driftwood-three-drawer-chest_7.webp,driftwood-three-drawer-chest_8.webp",1
LABH-6141,Labh Dresser (2 Doors + 4 Drawers),labh-dresser-2-doors-4-drawers,simple,publish,,,Furniture,Cabinets,Chests & Dressers,"Wide mango-wood dresser with four centre drawers between two doors, dark finish. Crafted in Mango, Max Dark finish. From the Labh collection. Dimensions: 180cm W x 45cm D x 85cm H.","Wide mango-wood dresser with four centre drawers between two doors, dark finish.",Mango,Max Dark,180cm W x 45cm D x 85cm H,,1,,"labh-dresser-2-doors-4-drawers_1.webp,labh-dresser-2-doors-4-drawers_2.webp,labh-dresser-2-doors-4-drawers_3.webp,labh-dresser-2-doors-4-drawers_4.webp,labh-dresser-2-doors-4-drawers_5.webp,labh-dresser-2-doors-4-drawers_6.webp,labh-dresser-2-doors-4-drawers_7.webp,labh-dresser-2-doors-4-drawers_8.webp,labh-dresser-2-doors-4-drawers_9.webp,labh-dresser-2-doors-4-drawers_10.webp,labh-dresser-2-doors-4-drawers_11.webp,labh-dresser-2-doors-4-drawers_12.webp,labh-dresser-2-doors-4-drawers_13.webp,labh-dresser-2-doors-4-drawers_14.webp",1
PAWAN-1018,Pawan Drawer Chest (1018),pawan-drawer-chest-1018,simple,publish,,,Furniture,Cabinets,Chests & Dressers,"Six-drawer chest in figured solid wood wrapped in a curved dark metal band, with bar pulls. Crafted in Solid Wood, Iron, Natural Wood with Black Iron finish. From the Pawan collection. Dimensions: 124cm W x 42cm D x 80cm H.","Six-drawer chest in figured solid wood wrapped in a curved dark metal band, with bar pulls.","Solid Wood, Iron",Natural Wood with Black Iron,124cm W x 42cm D x 80cm H,,1,,"pawan-drawer-chest-1018_1.webp,pawan-drawer-chest-1018_2.webp,pawan-drawer-chest-1018_3.webp,pawan-drawer-chest-1018_4.webp",1
PAWAN-4005,Pawan Dresser,pawan-dresser,simple,publish,,,Furniture,Cabinets,Chests & Dressers,"Long dresser with three centre drawers and side doors, brass campaign-style hardware. Crafted in Mango, Colonial finish. From the Pawan collection. Dimensions: 200cm W x 49cm D x 85cm H.","Long dresser with three centre drawers and side doors, brass campaign-style hardware.",Mango,Colonial,200cm W x 49cm D x 85cm H,,1,,"pawan-dresser_1.webp,pawan-dresser_2.webp,pawan-dresser_3.webp,pawan-dresser_4.webp,pawan-dresser_5.webp,pawan-dresser_6.webp,pawan-dresser_7.webp,pawan-dresser_8.webp,pawan-dresser_9.webp,pawan-dresser_10.webp,pawan-dresser_11.webp,pawan-dresser_12.webp",1
PLUTO-6109,Pluto Chest,pluto-chest,simple,publish,,,Furniture,Cabinets,Chests & Dressers,"Tall chest with open top niche, two-door cupboard and three drawers. Crafted in Acacia, Max finish. From the Pluto collection. Dimensions: 35cm W x 50cm D x 130cm H.","Tall chest with open top niche, two-door cupboard and three drawers.",Acacia,Max,35cm W x 50cm D x 130cm H,,1,,"pluto-chest_1.webp,pluto-chest_2.webp,pluto-chest_3.webp,pluto-chest_4.webp,pluto-chest_5.webp,pluto-chest_6.webp,pluto-chest_7.webp,pluto-chest_8.webp,pluto-chest_9.webp",1
PLUTO-6107,Pluto Dresser,pluto-dresser,simple,publish,,,Furniture,Cabinets,Chests & Dressers,"Dresser with two-door cupboard and bank of drawers in dark acacia. Crafted in Acacia, Max finish. From the Pluto collection. Dimensions: 132cm W x 45cm D x 88cm H.",Dresser with two-door cupboard and bank of drawers in dark acacia.,Acacia,Max,132cm W x 45cm D x 88cm H,,1,,"pluto-dresser_1.webp,pluto-dresser_2.webp,pluto-dresser_3.webp,pluto-dresser_4.webp,pluto-dresser_5.webp,pluto-dresser_6.webp",1
SHORA-4283,Shora Trunk,shora-trunk,simple,publish,,,Furniture,Cabinets,Chests & Dressers,"Large solid acacia trunk / blanket chest with twin lift-up lids. Crafted in Acacia, Lime finish finish. From the Shora collection. Dimensions: 129.5cm W x 68.6cm D x 40.6cm H.",Large solid acacia trunk / blanket chest with twin lift-up lids.,Acacia,Lime finish,129.5cm W x 68.6cm D x 40.6cm H,,1,,"shora-trunk_1.webp,shora-trunk_2.webp,shora-trunk_3.webp,shora-trunk_4.webp,shora-trunk_5.webp,shora-trunk_6.webp",1
TEAK-TK-01,Teak Chest of Drawer,teak-chest-of-drawer,simple,publish,,,Furniture,Cabinets,Chests & Dressers,"Six-drawer patchwork teak chest set in a black iron frame with an open top shelf. Crafted in Iron, Teak Wood, MDF, Natural Lacquered finish. From the Teak collection. Dimensions: 90cm W x 45cm D x 100cm H.",Six-drawer patchwork teak chest set in a black iron frame with an open top shelf.,"Iron, Teak Wood, MDF",Natural Lacquered,90cm W x 45cm D x 100cm H,,1,,"teak-chest-of-drawer_1.webp,teak-chest-of-drawer_2.webp",1
THAR-6060,Thar Dresser (6060),thar-dresser-6060,simple,publish,,,Furniture,Cabinets,Chests & Dressers,"Long dresser with three ribbed centre drawers between two doors. Crafted in Acacia, Lime Cream finish. From the Thar collection. Dimensions: 216cm W x 45cm D x 90cm H.",Long dresser with three ribbed centre drawers between two doors.,Acacia,Lime Cream,216cm W x 45cm D x 90cm H,,1,,"thar-dresser-6060_1.webp,thar-dresser-6060_2.webp,thar-dresser-6060_3.webp,thar-dresser-6060_4.webp,thar-dresser-6060_5.webp,thar-dresser-6060_6.webp,thar-dresser-6060_7.webp,thar-dresser-6060_8.webp,thar-dresser-6060_9.webp,thar-dresser-6060_10.webp",1
THAR-6061,Thar Dresser (6061),thar-dresser-6061,simple,publish,,,Furniture,Cabinets,Chests & Dressers,"Three-door dresser with ribbed rattan-look drawer fronts above. Crafted in Acacia, Lime Cream finish. From the Thar collection. Dimensions: 187cm W x 45cm D x 90cm H.",Three-door dresser with ribbed rattan-look drawer fronts above.,Acacia,Lime Cream,187cm W x 45cm D x 90cm H,,1,,"thar-dresser-6061_1.webp,thar-dresser-6061_2.webp,thar-dresser-6061_3.webp,thar-dresser-6061_4.webp,thar-dresser-6061_5.webp,thar-dresser-6061_6.webp,thar-dresser-6061_7.webp,thar-dresser-6061_8.webp,thar-dresser-6061_9.webp,thar-dresser-6061_10.webp,thar-dresser-6061_11.webp",1
BALA-6008,Bala Bed Side One Drawer,bala-bed-side-one-drawer,simple,publish,,,Furniture,Cabinets,Nightstands,"Bedside table with one drawer and open shelf. Crafted in Acacia, Desert finish. From the Bala collection. Dimensions: 45cm W x 40cm D x 50cm H.",Bedside table with one drawer and open shelf.,Acacia,Desert,45cm W x 40cm D x 50cm H,,1,,bala-bed-side-one-drawer_1.webp,1
BALA-6007,Bala Bed Side Plain,bala-bed-side-plain,simple,publish,,,Furniture,Cabinets,Nightstands,"Bedside table with top drawer and two open shelves. Crafted in Acacia, Desert finish. From the Bala collection. Dimensions: 45cm W x 40cm D x 50cm H.",Bedside table with top drawer and two open shelves.,Acacia,Desert,45cm W x 40cm D x 50cm H,,1,,"bala-bed-side-plain_1.webp,bala-bed-side-plain_2.webp,bala-bed-side-plain_3.webp,bala-bed-side-plain_4.webp,bala-bed-side-plain_5.webp,bala-bed-side-plain_6.webp,bala-bed-side-plain_7.webp,bala-bed-side-plain_8.webp,bala-bed-side-plain_9.webp,bala-bed-side-plain_10.webp",1
BALA-6013,Bala Bed Table,bala-bed-table,simple,publish,,,Furniture,Cabinets,Nightstands,"Low wide bed-side table with open shelf. Crafted in Acacia, Desert finish. From the Bala collection. Dimensions: 120cm W x 45cm D x 50cm H.",Low wide bed-side table with open shelf.,Acacia,Desert,120cm W x 45cm D x 50cm H,,1,,bala-bed-table_1.webp,1
SHORA-4296,Shora Bed Side,shora-bed-side,simple,publish,,,Furniture,Cabinets,Nightstands,"Compact bedside cabinet with single door in lime-finished acacia. Crafted in Acacia, Lime finish finish. From the Shora collection. Dimensions: 45.7cm W x 35.6cm D x 40.6cm H.",Compact bedside cabinet with single door in lime-finished acacia.,Acacia,Lime finish,45.7cm W x 35.6cm D x 40.6cm H,,1,,shora-bed-side_1.webp,1
TEAK-TK-06,Teak Bed Side,teak-bed-side,simple,publish,,,Furniture,Cabinets,Nightstands,"Bedside table with a patchwork-teak drawer, open top shelf and black iron frame. Crafted in Iron, Teak Wood, MDF, Natural Lacquered finish. From the Teak collection. Dimensions: 50cm W x 45cm D x 60cm H.","Bedside table with a patchwork-teak drawer, open top shelf and black iron frame.","Iron, Teak Wood, MDF",Natural Lacquered,50cm W x 45cm D x 60cm H,,1,,"teak-bed-side_1.webp,teak-bed-side_2.webp,teak-bed-side_3.webp",1
BALA-6011,Bala Buffet (3 Drawers + 1 Door),bala-buffet-3-drawers-1-door,simple,publish,,,Furniture,Cabinets,Sideboards,"Buffet with three drawers and one door. Crafted in Acacia, Desert finish. From the Bala collection. Dimensions: 100cm W x 44cm D x 80cm H.",Buffet with three drawers and one door.,Acacia,Desert,100cm W x 44cm D x 80cm H,,1,,bala-buffet-3-drawers-1-door_1.webp,1
BALA-6017,Bala Hutch Lower Part,bala-hutch-lower-part,simple,publish,,,Furniture,Cabinets,Sideboards,"Buffet (hutch lower part) with two drawers over two doors. Crafted in Acacia, Desert finish. From the Bala collection. Dimensions: 112cm W x 45cm D x 91cm H.",Buffet (hutch lower part) with two drawers over two doors.,Acacia,Desert,112cm W x 45cm D x 91cm H,,1,,bala-hutch-lower-part_1.webp,1
DRIFTWOOD-DRF09,Driftwood Lattice Credenza,driftwood-lattice-credenza,simple,publish,,,Furniture,Cabinets,Sideboards,"Four-door lattice-front credenza in lime sand-blasted mango. Crafted in Mango, Lime Sand Blast finish. From the Driftwood collection. Dimensions: 183cm W x 51cm D x 80cm H.",Four-door lattice-front credenza in lime sand-blasted mango.,Mango,Lime Sand Blast,183cm W x 51cm D x 80cm H,,1,,"driftwood-lattice-credenza_1.webp,driftwood-lattice-credenza_2.webp,driftwood-lattice-credenza_3.webp",1
PAWAN-1020,Pawan Side Board (1020),pawan-side-board-1020,simple,publish,,,Furniture,Cabinets,Sideboards,"Sideboard with two doors and three centre drawers in figured solid wood with a curved metal band. Crafted in Solid Wood, Iron, Natural Wood with Black Iron finish. From the Pawan collection. Dimensions: 124cm W x 42cm D x 80cm H.",Sideboard with two doors and three centre drawers in figured solid wood with a curved metal band.,"Solid Wood, Iron",Natural Wood with Black Iron,124cm W x 42cm D x 80cm H,,1,,"pawan-side-board-1020_1.webp,pawan-side-board-1020_2.webp,pawan-side-board-1020_3.webp,pawan-side-board-1020_4.webp",1
PAWAN-SB-NOCODE,Pawan Sideboard (Dimple Range),pawan-sideboard-dimple-range,simple,draft,,,Furniture,Cabinets,Sideboards,"Angled-side sideboard with bank of drawers, door with internal shelves and dimple-carved top, on steel feet. Crafted in Solid Wood, Brushed Steel, Dark Walnut Brown finish. From the Pawan collection.","Angled-side sideboard with bank of drawers, door with internal shelves and dimple-carved top, on steel feet.","Solid Wood, Brushed Steel",Dark Walnut Brown,,,1,,"pawan-sideboard-dimple-range_1.webp,pawan-sideboard-dimple-range_2.webp,pawan-sideboard-dimple-range_3.webp,pawan-sideboard-dimple-range_4.webp",1
PLUTO-6124,Pluto High Board,pluto-high-board,simple,publish,,,Furniture,Cabinets,Sideboards,"High sideboard with bank of drawers and doors in dark acacia. Crafted in Acacia, Max finish. From the Pluto collection. Dimensions: 156cm W x 45cm D x 140cm H.",High sideboard with bank of drawers and doors in dark acacia.,Acacia,Max,156cm W x 45cm D x 140cm H,,1,,pluto-high-board_1.webp,1
REED-RI312222,Reed Wide Sideboard,reed-wide-sideboard,simple,publish,,,Furniture,Cabinets,Sideboards,"Fully reeded curved-front sideboard with two doors and two centre drawers, brass bar handles, white marble top and slim black metal legs. Crafted in Solid Mango Wood, White Marble Top, Metal, Whitewashed Reeded Mango finish. From the Reed collection. Dimensions: 149.7cm W x 49.6cm D x 78.6cm H.","Fully reeded curved-front sideboard with two doors and two centre drawers, brass bar handles, white marble top and slim black metal legs.","Solid Mango Wood, White Marble Top, Metal",Whitewashed Reeded Mango,149.7cm W x 49.6cm D x 78.6cm H,,1,,"reed-wide-sideboard_1.webp,reed-wide-sideboard_2.webp,reed-wide-sideboard_3.webp,reed-wide-sideboard_4.webp,reed-wide-sideboard_5.webp,reed-wide-sideboard_6.webp,reed-wide-sideboard_7.webp,reed-wide-sideboard_8.webp,reed-wide-sideboard_9.webp,reed-wide-sideboard_10.webp",1
SHORA-4282,Shora Buffet,shora-buffet,simple,publish,,,Furniture,Cabinets,Sideboards,"Buffet with doors, centre wine-rack cubbies and open top shelf. Crafted in Acacia, Lime finish finish. From the Shora collection. Dimensions: 134.6cm W x 45.7cm D x 78.7cm H.","Buffet with doors, centre wine-rack cubbies and open top shelf.",Acacia,Lime finish,134.6cm W x 45.7cm D x 78.7cm H,,1,,shora-buffet_1.webp,1
TEAK-TK-02,Teak Side Board,teak-side-board,simple,publish,,,Furniture,Cabinets,Sideboards,"Sideboard with two doors and two centre drawers in reclaimed-look patchwork teak, black iron frame and open top shelf. Crafted in Iron, Teak Wood, MDF, Natural Lacquered finish. From the Teak collection. Dimensions: 135cm W x 45cm D x 90cm H.","Sideboard with two doors and two centre drawers in reclaimed-look patchwork teak, black iron frame and open top shelf.","Iron, Teak Wood, MDF",Natural Lacquered,135cm W x 45cm D x 90cm H,,1,,teak-side-board_1.webp,1
THAR-6078,Thar Buffet Lower (6078),thar-buffet-lower-6078,simple,publish,,,Furniture,Cabinets,Sideboards,"Long three-door buffet in solid acacia. Crafted in Acacia, Lime Cream finish. From the Thar collection. Dimensions: 175cm W x 45cm D x 70cm H.",Long three-door buffet in solid acacia.,Acacia,Lime Cream,175cm W x 45cm D x 70cm H,,1,,"thar-buffet-lower-6078_1.webp,thar-buffet-lower-6078_2.webp",1
THAR-6079,Thar Buffet Lower (6079),thar-buffet-lower-6079,simple,publish,,,Furniture,Cabinets,Sideboards,"Two-door buffet in solid acacia. Crafted in Acacia, Lime Cream finish. From the Thar collection. Dimensions: 120cm W x 45cm D x 70cm H.",Two-door buffet in solid acacia.,Acacia,Lime Cream,120cm W x 45cm D x 70cm H,,1,,"thar-buffet-lower-6079_1.webp,thar-buffet-lower-6079_2.webp",1
THAR-6070,Thar High Board,thar-high-board,simple,publish,,,Furniture,Cabinets,Sideboards,"High board with doors, drawers and open centre wine cubbies. Crafted in Acacia, Lime Cream finish. From the Thar collection. Dimensions: 170cm W x 45cm D x 140cm H.","High board with doors, drawers and open centre wine cubbies.",Acacia,Lime Cream,170cm W x 45cm D x 140cm H,,1,,"thar-high-board_1.webp,thar-high-board_2.webp",1
BALA-6015,Bala TV Console,bala-tv-console,simple,publish,,,Furniture,Cabinets,TV Units,"TV console with centre drawer and open shelf between doors. Crafted in Acacia, Desert finish. From the Bala collection. Dimensions: 170cm W x 50cm D x 52cm H.",TV console with centre drawer and open shelf between doors.,Acacia,Desert,170cm W x 50cm D x 52cm H,,1,,bala-tv-console_1.webp,1
LABH-6145,Labh TV Dresser,labh-tv-dresser,simple,publish,,,Furniture,Cabinets,TV Units,"Low TV dresser with open shelving and one door, dark mango. Crafted in Mango, Max Dark finish. From the Labh collection. Dimensions: 170cm W x 45cm D x 47cm H.","Low TV dresser with open shelving and one door, dark mango.",Mango,Max Dark,170cm W x 45cm D x 47cm H,,1,,labh-tv-dresser_1.webp,1
PAWAN-1019,Pawan Plasma (1019),pawan-plasma-1019,simple,publish,,,Furniture,Cabinets,TV Units,"Low TV unit with two drawers, open shelf and door, in figured solid wood with a curved metal band. Crafted in Solid Wood, Iron, Natural Wood with Black Iron finish. From the Pawan collection. Dimensions: 137cm W x 42cm D x 40cm H.","Low TV unit with two drawers, open shelf and door, in figured solid wood with a curved metal band.","Solid Wood, Iron",Natural Wood with Black Iron,137cm W x 42cm D x 40cm H,,1,,"pawan-plasma-1019_1.webp,pawan-plasma-1019_2.webp,pawan-plasma-1019_3.webp,pawan-plasma-1019_4.webp",1
PAWAN-4001,Pawan TV Dresser (4001),pawan-tv-dresser-4001,simple,publish,,,Furniture,Cabinets,TV Units,"Long TV dresser with two centre drawers and side doors, brass hardware. Crafted in Mango, Colonial finish. From the Pawan collection. Dimensions: 200cm W x 54cm D x 65cm H.","Long TV dresser with two centre drawers and side doors, brass hardware.",Mango,Colonial,200cm W x 54cm D x 65cm H,,1,,"pawan-tv-dresser-4001_1.webp,pawan-tv-dresser-4001_2.webp,pawan-tv-dresser-4001_3.webp",1
PAWAN-4003,Pawan TV Dresser (4003),pawan-tv-dresser-4003,simple,publish,,,Furniture,Cabinets,TV Units,"TV dresser with glazed door, open niche and drawers. Crafted in Mango, Colonial finish. From the Pawan collection. Dimensions: 120cm W x 49cm D x 77cm H.","TV dresser with glazed door, open niche and drawers.",Mango,Colonial,120cm W x 49cm D x 77cm H,,1,,"pawan-tv-dresser-4003_1.webp,pawan-tv-dresser-4003_2.webp",1
PAWAN-1004,Pawan TV Unit (1004),pawan-tv-unit-1004,simple,publish,,,Furniture,Cabinets,TV Units,"Angled-side TV unit with open shelf, drawer and dimple-carved top on steel feet. Crafted in Solid Wood, Brushed Steel, Dark Walnut Brown finish. From the Pawan collection.","Angled-side TV unit with open shelf, drawer and dimple-carved top on steel feet.","Solid Wood, Brushed Steel",Dark Walnut Brown,,,1,,"pawan-tv-unit-1004_1.webp,pawan-tv-unit-1004_2.webp,pawan-tv-unit-1004_3.webp,pawan-tv-unit-1004_4.webp",1
PLUTO-6108,Pluto TV Console (6108),pluto-tv-console-6108,simple,publish,,,Furniture,Cabinets,TV Units,"Low TV console with drawers and open centre. Crafted in Acacia, Max finish. From the Pluto collection. Dimensions: 150cm W x 50cm D x 30cm H.",Low TV console with drawers and open centre.,Acacia,Max,150cm W x 50cm D x 30cm H,,1,,pluto-tv-console-6108_1.webp,1
PLUTO-6125,Pluto TV Console (6125),pluto-tv-console-6125,simple,publish,,,Furniture,Cabinets,TV Units,"TV console with two doors and open centre niche. Crafted in Acacia, Max finish. From the Pluto collection. Dimensions: 120cm W x 45cm D x 60cm H.",TV console with two doors and open centre niche.,Acacia,Max,120cm W x 45cm D x 60cm H,,1,,pluto-tv-console-6125_1.webp,1
REED-X7312220,Reed TV Unit,reed-tv-unit,simple,publish,,,Furniture,Cabinets,TV Units,"Reeded media unit with two doors, central open shelving with cable cut-out, marble top and black metal legs. Crafted in Solid Mango Wood, White Marble Top, Metal, Whitewashed Reeded Mango finish. From the Reed collection. Dimensions: 135cm W x 45.7cm D x 55cm H.","Reeded media unit with two doors, central open shelving with cable cut-out, marble top and black metal legs.","Solid Mango Wood, White Marble Top, Metal",Whitewashed Reeded Mango,135cm W x 45.7cm D x 55cm H,,1,,"reed-tv-unit_1.webp,reed-tv-unit_2.webp,reed-tv-unit_3.webp,reed-tv-unit_4.webp,reed-tv-unit_5.webp,reed-tv-unit_6.webp,reed-tv-unit_7.webp,reed-tv-unit_8.webp,reed-tv-unit_9.webp,reed-tv-unit_10.webp",1
SHORA-4287,Shora TV Console,shora-tv-console,simple,publish,,,Furniture,Cabinets,TV Units,"Long TV console with open shelves and two drawers. Crafted in Acacia, Lime finish finish. From the Shora collection. Dimensions: 160cm W x 45.7cm H.",Long TV console with open shelves and two drawers.,Acacia,Lime finish,160cm W x 45.7cm H,,1,,"shora-tv-console_1.webp,shora-tv-console_2.webp",1
TEAK-TK-03,Teak TV Plasma,teak-tv-plasma,simple,publish,,,Furniture,Cabinets,TV Units,"Low TV unit with two drawers and open centre shelf in patchwork teak on a black iron base. Crafted in Iron, Teak Wood, MDF, Natural Lacquered finish. From the Teak collection. Dimensions: 150cm W x 50cm D x 50cm H.",Low TV unit with two drawers and open centre shelf in patchwork teak on a black iron base.,"Iron, Teak Wood, MDF",Natural Lacquered,150cm W x 50cm D x 50cm H,,1,,"teak-tv-plasma_1.webp,teak-tv-plasma_2.webp,teak-tv-plasma_3.webp",1
THAR-6068,Thar TV Dresser (6068),thar-tv-dresser-6068,simple,publish,,,Furniture,Cabinets,TV Units,"TV dresser with door, drawers and open shelf. Crafted in Acacia, Lime Cream finish. From the Thar collection. Dimensions: 156cm W x 50cm D x 55cm H.","TV dresser with door, drawers and open shelf.",Acacia,Lime Cream,156cm W x 50cm D x 55cm H,,1,,thar-tv-dresser-6068_1.webp,1
THAR-6069,Thar TV Dresser (6069),thar-tv-dresser-6069,simple,publish,,,Furniture,Cabinets,TV Units,"TV dresser with two drawers under an open shelf. Crafted in Acacia, Lime Cream finish. From the Thar collection. Dimensions: 126cm W x 50cm D x 55cm H.",TV dresser with two drawers under an open shelf.,Acacia,Lime Cream,126cm W x 50cm D x 55cm H,,1,,"thar-tv-dresser-6069_1.webp,thar-tv-dresser-6069_2.webp",1
THAR-6080,Thar Chest 4 Drawers + 4 Doors,thar-chest-4-drawers-4-doors,simple,publish,,,Furniture,Cabinets,Wardrobes,"Tall cabinet with two upper doors, four ribbed drawers and two lower doors in solid acacia. Crafted in Acacia, Lime Cream finish. From the Thar collection. Dimensions: 120cm W x 48cm D x 200cm H.","Tall cabinet with two upper doors, four ribbed drawers and two lower doors in solid acacia.",Acacia,Lime Cream,120cm W x 48cm D x 200cm H,,1,,"thar-chest-4-drawers-4-doors_1.webp,thar-chest-4-drawers-4-doors_2.webp,thar-chest-4-drawers-4-doors_3.webp,thar-chest-4-drawers-4-doors_4.webp,thar-chest-4-drawers-4-doors_5.webp,thar-chest-4-drawers-4-doors_6.webp,thar-chest-4-drawers-4-doors_7.webp,thar-chest-4-drawers-4-doors_8.webp,thar-chest-4-drawers-4-doors_9.webp",1
BALA-6021,Bala Chair,bala-chair,simple,draft,,,Furniture,Seating,Dining Chairs,"Solid acacia dining chair. Crafted in Acacia, Desert finish. From the Bala collection. Dimensions: 45cm W x 46cm D x 105cm H.",Solid acacia dining chair.,Acacia,Desert,45cm W x 46cm D x 105cm H,,2,,,1
BALA-6026,Bala Chair Strip,bala-chair-strip,simple,publish,,,Furniture,Seating,Dining Chairs,"Dining chair with vertical-strip slatted back and solid seat. Crafted in Acacia, Desert finish. From the Bala collection. Dimensions: 45cm W x 46cm D x 103cm H.",Dining chair with vertical-strip slatted back and solid seat.,Acacia,Desert,45cm W x 46cm D x 103cm H,,2,,bala-chair-strip_1.webp,1
LABH-6137,Labh Chair,labh-chair,simple,publish,,,Furniture,Seating,Dining Chairs,"High slatted-back dining chair in dark mango. Crafted in Mango, Max Dark finish. From the Labh collection. Dimensions: 47cm W x 47cm D x 105cm H.",High slatted-back dining chair in dark mango.,Mango,Max Dark,47cm W x 47cm D x 105cm H,,2,,labh-chair_1.webp,1
CHAIR-NC-X,Metal Frame Bar Chair,metal-frame-bar-chair,simple,draft,,,Furniture,Seating,Dining Chairs,"Champagne metal-frame high chair with solid wood seat and back. Crafted in Solid Wood, Metal. From the Pawan Stools collection.",Champagne metal-frame high chair with solid wood seat and back.,"Solid Wood, Metal",,,,1,,metal-frame-bar-chair_1.webp,1
PAWAN-4007,Pawan Chair,pawan-chair,simple,publish,,,Furniture,Seating,Dining Chairs,"High slatted-back dining chair with solid seat. Crafted in Mango, Colonial finish. From the Pawan collection. Dimensions: 47cm W x 47cm D x 105cm H.",High slatted-back dining chair with solid seat.,Mango,Colonial,47cm W x 47cm D x 105cm H,,2,,"pawan-chair_1.webp,pawan-chair_2.webp,pawan-chair_3.webp",1
PAWAN-1006,Pawan Chair (1006),pawan-chair-1006,simple,publish,,,Furniture,Seating,Dining Chairs,"Solid wood dining chair with slatted back and dimple-carved centre splat, wooden seat. Crafted in Solid Wood, Brushed Steel, Dark Walnut Brown finish. From the Pawan collection. Dimensions: 45cm W x 45cm D x 90cm H.","Solid wood dining chair with slatted back and dimple-carved centre splat, wooden seat.","Solid Wood, Brushed Steel",Dark Walnut Brown,45cm W x 45cm D x 90cm H,,1,,"pawan-chair-1006_1.webp,pawan-chair-1006_2.webp,pawan-chair-1006_3.webp,pawan-chair-1006_4.webp",1
PAWAN-1006A,Pawan Chair Upholstered Seat (1006A),pawan-chair-upholstered-seat-1006a,simple,publish,,,Furniture,Seating,Dining Chairs,"Same slatted dimple-back chair with a padded upholstered seat. Crafted in Solid Wood, Brushed Steel, Dark Walnut Brown finish. From the Pawan collection. Dimensions: 45cm W x 45cm D x 90cm H.",Same slatted dimple-back chair with a padded upholstered seat.,"Solid Wood, Brushed Steel",Dark Walnut Brown,45cm W x 45cm D x 90cm H,,1,,pawan-chair-upholstered-seat-1006a_1.webp,1
SHORA-4289,Shora Chair (4289),shora-chair-4289,simple,publish,,,Furniture,Seating,Dining Chairs,"A-frame splayed-back dining chair with upholstered seat. Crafted in Acacia, Lime finish finish. From the Shora collection. Dimensions: 45.7cm W x 43.2cm D x 96.5cm H.",A-frame splayed-back dining chair with upholstered seat.,Acacia,Lime finish,45.7cm W x 43.2cm D x 96.5cm H,,2,,shora-chair-4289_1.webp,1
SHORA-4291,Shora Chair (4291),shora-chair-4291,simple,publish,,,Furniture,Seating,Dining Chairs,"A-frame splayed-back dining chair with solid wood seat. Crafted in Acacia, Lime finish finish. From the Shora collection. Dimensions: 45.7cm W x 43.2cm D x 96.5cm H.",A-frame splayed-back dining chair with solid wood seat.,Acacia,Lime finish,45.7cm W x 43.2cm D x 96.5cm H,,2,,"shora-chair-4291_1.webp,shora-chair-4291_2.webp,shora-chair-4291_3.webp,shora-chair-4291_4.webp",1
TEAK-TK-09,Teak Chair,teak-chair,simple,publish,,,Furniture,Seating,Dining Chairs,"Black iron-frame dining chair with patchwork teak seat and back panel. Crafted in Iron, Teak Wood, MDF, Natural Lacquered finish. From the Teak collection. Dimensions: 45cm W x 46cm D x 85cm H.",Black iron-frame dining chair with patchwork teak seat and back panel.,"Iron, Teak Wood, MDF",Natural Lacquered,45cm W x 46cm D x 85cm H,,1,,teak-chair_1.webp,1
STOOL-2071,Pawan Bar Stool (2071),pawan-bar-stool-2071,simple,draft,,,Furniture,Stools & Benches,Bar Stools,"Pedestal bar stool with flower-shaped solid wood seat, champagne metal column, dome base and footrest. Crafted in Solid Wood, Metal. From the Pawan Stools collection.","Pedestal bar stool with flower-shaped solid wood seat, champagne metal column, dome base and footrest.","Solid Wood, Metal",,,,1,,"pawan-bar-stool-2071_1.webp,pawan-bar-stool-2071_2.webp",1
STOOL-2031,Pawan Stool (2031),pawan-stool-2031,simple,publish,,,Furniture,Stools & Benches,Bar Stools,"Round wood seat on a reeded wooden column with black iron tripod base, height adjustable. Crafted in Iron, Solid Wood. From the Pawan Stools collection. Dimensions: 33cm W x 33cm D x 61-76cm H (height adjustable).","Round wood seat on a reeded wooden column with black iron tripod base, height adjustable.","Iron, Solid Wood",,33cm W x 33cm D x 61-76cm H (height adjustable),,1,,pawan-stool-2031_1.webp,1
STOOL-2032,Pawan Stool (2032),pawan-stool-2032,simple,publish,,,Furniture,Stools & Benches,Bar Stools,"Swivel stool with distressed grey wood seat on a silver looped metal frame with footrest, height adjustable. Crafted in Iron, Solid Wood. From the Pawan Stools collection. Dimensions: 33cm W x 33cm D x 61-76cm H (height adjustable).","Swivel stool with distressed grey wood seat on a silver looped metal frame with footrest, height adjustable.","Iron, Solid Wood",,33cm W x 33cm D x 61-76cm H (height adjustable),,1,,pawan-stool-2032_1.webp,1
STOOL-2033,Pawan Stool (2033),pawan-stool-2033,simple,publish,,,Furniture,Stools & Benches,Bar Stools,"Square solid wood seat on a grey metal four-leg frame with stretchers. Crafted in Iron, Solid Wood. From the Pawan Stools collection. Dimensions: 38.1cm W x 30.5cm D x 61cm H.",Square solid wood seat on a grey metal four-leg frame with stretchers.,"Iron, Solid Wood",,38.1cm W x 30.5cm D x 61cm H,,1,,pawan-stool-2033_1.webp,1
STOOL-2034,Pawan Stool (2034),pawan-stool-2034,simple,publish,,,Furniture,Stools & Benches,Bar Stools,"Metal-topped screw-adjustable seat on curved solid wood legs with black-dipped feet. Crafted in Solid Wood, Iron. From the Pawan Stools collection. Dimensions: 33cm W x 33cm D x 61-76cm H (height adjustable).",Metal-topped screw-adjustable seat on curved solid wood legs with black-dipped feet.,"Solid Wood, Iron",,33cm W x 33cm D x 61-76cm H (height adjustable),,1,,pawan-stool-2034_1.webp,1
STOOL-2035,Pawan Stool (2035),pawan-stool-2035,simple,publish,,,Furniture,Stools & Benches,Bar Stools,"Dark wood swivel seat on a black iron tripod base with footring, height adjustable. Crafted in Iron, Solid Wood. From the Pawan Stools collection. Dimensions: 33cm W x 33cm D x 61-76cm H (height adjustable).","Dark wood swivel seat on a black iron tripod base with footring, height adjustable.","Iron, Solid Wood",,33cm W x 33cm D x 61-76cm H (height adjustable),,1,,pawan-stool-2035_1.webp,1
STOOL-2036,Pawan Stool (2036),pawan-stool-2036,simple,publish,,,Furniture,Stools & Benches,Bar Stools,"Striped wood seat on a chrome screw column with looped hairpin base and footring. Crafted in Iron, Solid Wood. From the Pawan Stools collection. Dimensions: 33cm W x 33cm D x 61-76cm H (height adjustable).",Striped wood seat on a chrome screw column with looped hairpin base and footring.,"Iron, Solid Wood",,33cm W x 33cm D x 61-76cm H (height adjustable),,1,,pawan-stool-2036_1.webp,1
STOOL-2037,Pawan Stool (2037),pawan-stool-2037,simple,publish,,,Furniture,Stools & Benches,Bar Stools,"Dark wood seat on a silver metal frame with crossed loop legs and footring. Crafted in Iron, Solid Wood. From the Pawan Stools collection. Dimensions: 33cm W x 33cm D x 61-76cm H (height adjustable).",Dark wood seat on a silver metal frame with crossed loop legs and footring.,"Iron, Solid Wood",,33cm W x 33cm D x 61-76cm H (height adjustable),,1,,pawan-stool-2037_1.webp,1
STOOL-2038,Pawan Stool (2038),pawan-stool-2038,simple,publish,,,Furniture,Stools & Benches,Bar Stools,"Dark wood seat on a champagne metal four-leg frame with ring footrest. Crafted in Iron, Solid Wood. From the Pawan Stools collection. Dimensions: 33cm W x 33cm D x 69cm H.",Dark wood seat on a champagne metal four-leg frame with ring footrest.,"Iron, Solid Wood",,33cm W x 33cm D x 69cm H,,1,,pawan-stool-2038_1.webp,1
STOOL-2039,Pawan Stool (2039),pawan-stool-2039,simple,publish,,,Furniture,Stools & Benches,Bar Stools,"Grey-washed wood seat on a black iron tripod with footring. Crafted in Iron, Solid Wood. From the Pawan Stools collection. Dimensions: 33cm W x 33cm D x 69cm H.",Grey-washed wood seat on a black iron tripod with footring.,"Iron, Solid Wood",,33cm W x 33cm D x 69cm H,,1,,pawan-stool-2039_1.webp,1
STOOL-2040,Pawan Stool (2040),pawan-stool-2040,simple,publish,,,Furniture,Stools & Benches,Bar Stools,"Wood seat on a brass-finish hairpin-loop frame. Crafted in Iron, Solid Wood. From the Pawan Stools collection. Dimensions: 33cm W x 33cm D x 61cm H.",Wood seat on a brass-finish hairpin-loop frame.,"Iron, Solid Wood",,33cm W x 33cm D x 61cm H,,1,,pawan-stool-2040_1.webp,1
STOOL-2041,Pawan Stool (2041),pawan-stool-2041,simple,publish,,,Furniture,Stools & Benches,Bar Stools,"Industrial adjustable stool: dark wood seat on a grey metal frame with square footrest. Crafted in Iron, Solid Wood. From the Pawan Stools collection. Dimensions: 33cm W x 33cm D x 61-76cm H (height adjustable).",Industrial adjustable stool: dark wood seat on a grey metal frame with square footrest.,"Iron, Solid Wood",,33cm W x 33cm D x 61-76cm H (height adjustable),,1,,pawan-stool-2041_1.webp,1
STOOL-2042,Pawan Stool (2042),pawan-stool-2042,simple,publish,,,Furniture,Stools & Benches,Bar Stools,"Industrial adjustable stool with dark wood seat and grey metal curved-leg base with footring. Crafted in Iron, Solid Wood. From the Pawan Stools collection. Dimensions: 33cm W x 33cm D x 61-76cm H (height adjustable).",Industrial adjustable stool with dark wood seat and grey metal curved-leg base with footring.,"Iron, Solid Wood",,33cm W x 33cm D x 61-76cm H (height adjustable),,1,,pawan-stool-2042_1.webp,1
STOOL-2043,Pawan Stool (2043),pawan-stool-2043,simple,publish,,,Furniture,Stools & Benches,Bar Stools,"Wood swivel seat on a black angular crossed-leg iron frame, height adjustable. Crafted in Iron, Solid Wood. From the Pawan Stools collection. Dimensions: 33cm W x 33cm D x 61-76cm H (height adjustable).","Wood swivel seat on a black angular crossed-leg iron frame, height adjustable.","Iron, Solid Wood",,33cm W x 33cm D x 61-76cm H (height adjustable),,1,,pawan-stool-2043_1.webp,1
STOOL-2044,Pawan Stool (2044),pawan-stool-2044,simple,publish,,,Furniture,Stools & Benches,Bar Stools,"Recycled multicolour wood seat on a black iron four-leg base with square footrest. Crafted in Iron, Solid Wood. From the Pawan Stools collection. Dimensions: 33cm W x 33cm D x 74cm H.",Recycled multicolour wood seat on a black iron four-leg base with square footrest.,"Iron, Solid Wood",,33cm W x 33cm D x 74cm H,,1,,pawan-stool-2044_1.webp,1
STOOL-2045,Pawan Stool (2045),pawan-stool-2045,simple,publish,,,Furniture,Stools & Benches,Bar Stools,"Dark wood seat on gold-finish metal A-frame legs. Crafted in Iron, Solid Wood. From the Pawan Stools collection. Dimensions: 33cm W x 33cm D x 61cm H.",Dark wood seat on gold-finish metal A-frame legs.,"Iron, Solid Wood",,33cm W x 33cm D x 61cm H,,1,,pawan-stool-2045_1.webp,1
STOOL-2047,Pawan Stool (2047),pawan-stool-2047,simple,publish,,,Furniture,Stools & Benches,Bar Stools,"Black iron four-leg stool with ring footrest and metal-rimmed seat. Crafted in Iron, Solid Wood. From the Pawan Stools collection. Dimensions: 33cm W x 33cm D x 76cm H.",Black iron four-leg stool with ring footrest and metal-rimmed seat.,"Iron, Solid Wood",,33cm W x 33cm D x 76cm H,,1,,pawan-stool-2047_1.webp,1
STOOL-2049,Pawan Stool (2049),pawan-stool-2049,simple,publish,,,Furniture,Stools & Benches,Bar Stools,"Black seat on a champagne wire-frame base, height adjustable. Crafted in Iron, Solid Wood. From the Pawan Stools collection. Dimensions: 33cm W x 33cm D x 61-76cm H (height adjustable).","Black seat on a champagne wire-frame base, height adjustable.","Iron, Solid Wood",,33cm W x 33cm D x 61-76cm H (height adjustable),,1,,pawan-stool-2049_1.webp,1
STOOL-2051,Pawan Stool (2051),pawan-stool-2051,simple,publish,,,Furniture,Stools & Benches,Bar Stools,"Grey metal four-leg bar stool with square black seat and stretchers. Crafted in Iron, Solid Wood. From the Pawan Stools collection. Dimensions: 33cm W x 33cm D x 76cm H.",Grey metal four-leg bar stool with square black seat and stretchers.,"Iron, Solid Wood",,33cm W x 33cm D x 76cm H,,1,,pawan-stool-2051_1.webp,1
STOOL-2052,Pawan Stool (2052),pawan-stool-2052,simple,publish,,,Furniture,Stools & Benches,Bar Stools,"Wood swivel seat on black bent-iron legs with wooden feet, height adjustable. Crafted in Iron, Solid Wood. From the Pawan Stools collection. Dimensions: 33cm W x 33cm D x 61-76cm H (height adjustable).","Wood swivel seat on black bent-iron legs with wooden feet, height adjustable.","Iron, Solid Wood",,33cm W x 33cm D x 61-76cm H (height adjustable),,1,,pawan-stool-2052_1.webp,1
STOOL-2053,Pawan Stool (2053),pawan-stool-2053,simple,publish,,,Furniture,Stools & Benches,Bar Stools,"Wood seat on splayed wooden legs with black iron screw column and footring. Crafted in Solid Wood, Iron. From the Pawan Stools collection. Dimensions: 33cm W x 33cm D x 61-76cm H (height adjustable).",Wood seat on splayed wooden legs with black iron screw column and footring.,"Solid Wood, Iron",,33cm W x 33cm D x 61-76cm H (height adjustable),,1,,pawan-stool-2053_1.webp,1
STOOL-2058,Pawan Stool (2058),pawan-stool-2058,simple,publish,,,Furniture,Stools & Benches,Bar Stools,"Dark wood seat on splayed wooden legs with black screw column and ring footrest. Crafted in Solid Wood, Iron. From the Pawan Stools collection. Dimensions: 33cm W x 33cm D x 61-76cm H (height adjustable).",Dark wood seat on splayed wooden legs with black screw column and ring footrest.,"Solid Wood, Iron",,33cm W x 33cm D x 61-76cm H (height adjustable),,1,,pawan-stool-2058_1.webp,1
STOOL-2066,Pawan Stool (2066),pawan-stool-2066,simple,publish,,,Furniture,Stools & Benches,Bar Stools,"Rustic three-leg stool with dark wood seat and distressed painted legs. Crafted in Solid Wood, Iron. From the Pawan Stools collection. Dimensions: 33cm W x 33cm D x 61cm H.",Rustic three-leg stool with dark wood seat and distressed painted legs.,"Solid Wood, Iron",,33cm W x 33cm D x 61cm H,,1,,pawan-stool-2066_1.webp,1
BALA-6019,Bala Bench,bala-bench,simple,publish,,,Furniture,Stools & Benches,Benches,"Solid acacia dining bench with block legs. Crafted in Acacia, Desert finish. From the Bala collection. Dimensions: 170cm W x 38cm D x 45cm H.",Solid acacia dining bench with block legs.,Acacia,Desert,170cm W x 38cm D x 45cm H,,1,,bala-bench_1.webp,1
LABH-6136,Labh Bench,labh-bench,simple,publish,,,Furniture,Stools & Benches,Benches,"Solid mango dining bench with chunky L-shaped legs. Crafted in Mango, Max Dark finish. From the Labh collection. Dimensions: 154cm W x 40cm D x 45cm H.",Solid mango dining bench with chunky L-shaped legs.,Mango,Max Dark,154cm W x 40cm D x 45cm H,,1,,labh-bench_1.webp,1
PAWAN-1010,Pawan Bench (1010),pawan-bench-1010,simple,publish,,,Furniture,Stools & Benches,Benches,"Dining bench matching the 1001 table: dimple-carved top on steel L-legs. Crafted in Solid Wood, Brushed Steel, Dark Walnut Brown finish. From the Pawan collection. Dimensions: 155cm W x 40cm D x 45cm H.",Dining bench matching the 1001 table: dimple-carved top on steel L-legs.,"Solid Wood, Brushed Steel",Dark Walnut Brown,155cm W x 40cm D x 45cm H,,1,,"pawan-bench-1010_1.webp,pawan-bench-1010_2.webp,pawan-bench-1010_3.webp",1
PAWAN-1015,Pawan Bench (1015),pawan-bench-1015,simple,publish,,,Furniture,Stools & Benches,Benches,"Iron-framed bench with inset wood top on V-shaped iron legs. Crafted in Solid Wood, Iron, Natural Wood with Black Iron finish. From the Pawan collection.",Iron-framed bench with inset wood top on V-shaped iron legs.,"Solid Wood, Iron",Natural Wood with Black Iron,,,1,,"pawan-bench-1015_1.webp,pawan-bench-1015_2.webp,pawan-bench-1015_3.webp",1
TEAK-TK-08,Teak Bench,teak-bench,simple,publish,,,Furniture,Stools & Benches,Benches,"Matching patchwork teak bench with iron-edged top and slab legs. Crafted in Iron, Teak Wood, MDF, Natural Lacquered finish. From the Teak collection. Dimensions: 180cm W x 45cm D x 45cm H.",Matching patchwork teak bench with iron-edged top and slab legs.,"Iron, Teak Wood, MDF",Natural Lacquered,180cm W x 45cm D x 45cm H,,1,,teak-bench_1.webp,1
THAR-6082,Thar Bench,thar-bench,simple,publish,,,Furniture,Stools & Benches,Benches,"Long solid acacia dining bench. Crafted in Acacia, Lime Cream finish. From the Thar collection. Dimensions: 190cm W x 38cm D x 46cm H.",Long solid acacia dining bench.,Acacia,Lime Cream,190cm W x 38cm D x 46cm H,,1,,thar-bench_1.webp,1
STOOL-NC-6629,Framed Log Stool,framed-log-stool,simple,draft,,,Furniture,Stools & Benches,Stools,"Solid log block held in a black iron U-frame. Crafted in Solid Wood, Metal. From the Pawan Stools collection.",Solid log block held in a black iron U-frame.,"Solid Wood, Metal",,,,1,,framed-log-stool_1.webp,1
STOOL-NC-6613,Hourglass Wooden Stool,hourglass-wooden-stool,simple,draft,,,Furniture,Stools & Benches,Stools,"Hourglass-carved solid wood stool with dark metal band top. Crafted in Solid Wood, Metal. From the Pawan Stools collection.",Hourglass-carved solid wood stool with dark metal band top.,"Solid Wood, Metal",,,,1,,hourglass-wooden-stool_1.webp,1
STOOL-NC-6611,Live Edge Three-Leg Stool,live-edge-three-leg-stool,simple,draft,,,Furniture,Stools & Benches,Stools,"Natural live-edge wood slab seat on three tapered wooden legs. Crafted in Solid Wood, Metal. From the Pawan Stools collection.",Natural live-edge wood slab seat on three tapered wooden legs.,"Solid Wood, Metal",,,,1,,live-edge-three-leg-stool_1.webp,1
STOOL-NC-6595,Log Stool,log-stool,simple,draft,,,Furniture,Stools & Benches,Stools,"Solid tree-trunk log stool with natural bark texture. Crafted in Solid Wood, Metal. From the Pawan Stools collection.",Solid tree-trunk log stool with natural bark texture.,"Solid Wood, Metal",,,,1,,log-stool_1.webp,1
STOOL-2046,Pawan Stool (2046),pawan-stool-2046,simple,publish,,,Furniture,Stools & Benches,Stools,"Low black iron stool with ring stretcher and dark wood seat. Crafted in Iron, Solid Wood. From the Pawan Stools collection. Dimensions: 33cm W x 33cm D x 46cm H.",Low black iron stool with ring stretcher and dark wood seat.,"Iron, Solid Wood",,33cm W x 33cm D x 46cm H,,1,,pawan-stool-2046_1.webp,1
STOOL-2048,Pawan Stool (2048),pawan-stool-2048,simple,publish,,,Furniture,Stools & Benches,Stools,"Recycled wood seat on a cast-style black iron crank base, height adjustable. Crafted in Iron, Solid Wood. From the Pawan Stools collection. Dimensions: 33cm W x 33cm D x 46-56cm H (height adjustable).","Recycled wood seat on a cast-style black iron crank base, height adjustable.","Iron, Solid Wood",,33cm W x 33cm D x 46-56cm H (height adjustable),,1,,pawan-stool-2048_1.webp,1
STOOL-2050,Pawan Stool (2050),pawan-stool-2050,simple,publish,,,Furniture,Stools & Benches,Stools,Upcycled oil-drum stool with printed metal body and galvanised top. Crafted in Upcycled Metal Drum. From the Pawan Stools collection. Dimensions: 27.9cm W x 27.9cm D x 38cm H.,Upcycled oil-drum stool with printed metal body and galvanised top.,Upcycled Metal Drum,,27.9cm W x 27.9cm D x 38cm H,,1,,pawan-stool-2050_1.webp,1
STOOL-2054,Pawan Stool (2054),pawan-stool-2054,simple,publish,,,Furniture,Stools & Benches,Stools,"Round log-slice seat on crossed black metal legs. Crafted in Solid Wood, Iron. From the Pawan Stools collection. Dimensions: 38.1cm W x 38.1cm D x 46cm H.",Round log-slice seat on crossed black metal legs.,"Solid Wood, Iron",,38.1cm W x 38.1cm D x 46cm H,,1,,pawan-stool-2054_1.webp,1
STOOL-2069,Pawan Stool (2069),pawan-stool-2069,simple,draft,,,Furniture,Stools & Benches,Stools,"Quatrefoil wood-rimmed seat with decorative inlaid centre on black hairpin legs. Crafted in Solid Wood, Metal. From the Pawan Stools collection.",Quatrefoil wood-rimmed seat with decorative inlaid centre on black hairpin legs.,"Solid Wood, Metal",,,,1,,"pawan-stool-2069_1.webp,pawan-stool-2069_2.webp",1
STOOL-NC-6597,Reclaimed Wood Block Stool,reclaimed-wood-block-stool,simple,draft,,,Furniture,Stools & Benches,Stools,"Faceted reclaimed-wood block stool with painted patina and metal inlay. Crafted in Solid Wood, Metal. From the Pawan Stools collection.",Faceted reclaimed-wood block stool with painted patina and metal inlay.,"Solid Wood, Metal",,,,1,,reclaimed-wood-block-stool_1.webp,1
STOOL-NC-6623,Wood Mosaic Top Stool,wood-mosaic-top-stool,simple,draft,,,Furniture,Stools & Benches,Stools,"Round top inset with wood-slice mosaic on a champagne metal tripod frame. Crafted in Solid Wood, Metal. From the Pawan Stools collection.",Round top inset with wood-slice mosaic on a champagne metal tripod frame.,"Solid Wood, Metal",,,,1,,wood-mosaic-top-stool_1.webp,1
STOOL-2071B,Pawan Bar Table (2071B),pawan-bar-table-2071b,simple,draft,,,Furniture,Tables,Bar Tables,"Pedestal bar table with quatrefoil solid wood top on a champagne metal column and dome base. Crafted in Solid Wood, Metal. From the Pawan Stools collection.",Pedestal bar table with quatrefoil solid wood top on a champagne metal column and dome base.,"Solid Wood, Metal",,,,1,,pawan-bar-table-2071b_1.webp,1
BALA-6022,Bala Coffee Table,bala-coffee-table,simple,publish,,,Furniture,Tables,Coffee Tables,"Rectangular coffee table with drawer. Crafted in Acacia, Desert finish. From the Bala collection. Dimensions: 140cm W x 70cm D x 45cm H.",Rectangular coffee table with drawer.,Acacia,Desert,140cm W x 70cm D x 45cm H,,1,,bala-coffee-table_1.webp,1
DRIFTWOOD-DRF11,Driftwood Coffee Table,driftwood-coffee-table,simple,publish,,,Furniture,Tables,Coffee Tables,"Solid block coffee table in lime sand-blasted mango. Crafted in Mango, Lime Sand Blast finish. From the Driftwood collection. Dimensions: 91.44cm W x 60.96cm D x 45.72cm H.",Solid block coffee table in lime sand-blasted mango.,Mango,Lime Sand Blast,91.44cm W x 60.96cm D x 45.72cm H,,1,,driftwood-coffee-table_1.webp,1
DRIFTWOOD-DRF10,Driftwood Coffee Table Square,driftwood-coffee-table-square,simple,publish,,,Furniture,Tables,Coffee Tables,"Square block coffee table with open centre, lime sand-blasted mango. Crafted in Mango, Lime Sand Blast finish. From the Driftwood collection. Dimensions: 99.06cm W x 99.06cm D x 45.72cm H.","Square block coffee table with open centre, lime sand-blasted mango.",Mango,Lime Sand Blast,99.06cm W x 99.06cm D x 45.72cm H,,1,,"driftwood-coffee-table-square_1.webp,driftwood-coffee-table-square_2.webp,driftwood-coffee-table-square_3.webp",1
LABH-6139,Labh Table Coffee( 2 Drawers),labh-table-coffee-2-drawers,simple,publish,,,Furniture,Tables,Coffee Tables,"Coffee table with two drawers and open shelf, dark mango. Crafted in Mango, Max Dark finish. From the Labh collection. Dimensions: 140cm W x 70cm D x 40cm H.","Coffee table with two drawers and open shelf, dark mango.",Mango,Max Dark,140cm W x 70cm D x 40cm H,,1,,"labh-table-coffee-2-drawers_1.webp,labh-table-coffee-2-drawers_2.webp,labh-table-coffee-2-drawers_3.webp,labh-table-coffee-2-drawers_4.webp,labh-table-coffee-2-drawers_5.webp",1
PAWAN-4009,Pawan Coffee Table,pawan-coffee-table,simple,publish,,,Furniture,Tables,Coffee Tables,"Rectangular coffee table with rounded block legs. Crafted in Mango, Colonial finish. From the Pawan collection. Dimensions: 120cm W x 70cm D x 40cm H.",Rectangular coffee table with rounded block legs.,Mango,Colonial,120cm W x 70cm D x 40cm H,,1,,"pawan-coffee-table_1.webp,pawan-coffee-table_2.webp,pawan-coffee-table_3.webp",1
PAWAN-1008,Pawan Coffee Table (1008),pawan-coffee-table-1008,simple,publish,,,Furniture,Tables,Coffee Tables,"Low coffee table with dimple-carved top on brushed-steel L-legs. Crafted in Solid Wood, Brushed Steel, Dark Walnut Brown finish. From the Pawan collection.",Low coffee table with dimple-carved top on brushed-steel L-legs.,"Solid Wood, Brushed Steel",Dark Walnut Brown,,,1,,"pawan-coffee-table-1008_1.webp,pawan-coffee-table-1008_2.webp",1
PAWAN-1016,Pawan Coffee Table (1016),pawan-coffee-table-1016,simple,publish,,,Furniture,Tables,Coffee Tables,"Low iron-framed coffee table with inset wood top on V-shaped iron legs. Crafted in Solid Wood, Iron, Natural Wood with Black Iron finish. From the Pawan collection. Dimensions: 130cm W x 60cm D x 45cm H.",Low iron-framed coffee table with inset wood top on V-shaped iron legs.,"Solid Wood, Iron",Natural Wood with Black Iron,130cm W x 60cm D x 45cm H,,1,,"pawan-coffee-table-1016_1.webp,pawan-coffee-table-1016_2.webp,pawan-coffee-table-1016_3.webp",1
PLUTO-6106,Pluto Center Table,pluto-center-table,simple,publish,,,Furniture,Tables,Coffee Tables,"Centre table with nesting side units on castors and lower shelf. Crafted in Acacia, Max finish. From the Pluto collection. Dimensions: 109cm W x 60cm D x 46cm H.",Centre table with nesting side units on castors and lower shelf.,Acacia,Max,109cm W x 60cm D x 46cm H,,1,,pluto-center-table_1.webp,1
REED-JN322003,Reed Coffee Table,reed-coffee-table,simple,publish,,,Furniture,Tables,Coffee Tables,"Round drum coffee table wrapped in mango reeding with a white marble top. Crafted in Solid Mango Wood, White Marble Top, Metal, Whitewashed Reeded Mango finish. From the Reed collection. Dimensions: 80cm W x 80cm D x 40cm H.",Round drum coffee table wrapped in mango reeding with a white marble top.,"Solid Mango Wood, White Marble Top, Metal",Whitewashed Reeded Mango,80cm W x 80cm D x 40cm H,,1,,"reed-coffee-table_1.webp,reed-coffee-table_2.webp,reed-coffee-table_3.webp,reed-coffee-table_4.webp,reed-coffee-table_5.webp,reed-coffee-table_6.webp,reed-coffee-table_7.webp,reed-coffee-table_8.webp",1
SHORA-4284,Shora Coffee Table,shora-coffee-table,simple,publish,,,Furniture,Tables,Coffee Tables,"Square coffee table in solid acacia with waterfall-style legs. Crafted in Acacia, Lime finish finish. From the Shora collection. Dimensions: 68.6cm W x 68.6cm D x 40.6cm H.",Square coffee table in solid acacia with waterfall-style legs.,Acacia,Lime finish,68.6cm W x 68.6cm D x 40.6cm H,,1,,"shora-coffee-table_1.webp,shora-coffee-table_2.webp",1
TEAK-TK-04,Teak Coffee Table,teak-coffee-table,simple,publish,,,Furniture,Tables,Coffee Tables,"Square patchwork-teak coffee table with drawers on opposite sides and an inset top tray, on a black iron frame. Crafted in Iron, Teak Wood, MDF, Natural Lacquered finish. From the Teak collection. Dimensions: 80cm W x 80cm D x 45cm H.","Square patchwork-teak coffee table with drawers on opposite sides and an inset top tray, on a black iron frame.","Iron, Teak Wood, MDF",Natural Lacquered,80cm W x 80cm D x 45cm H,,1,,"teak-coffee-table_1.webp,teak-coffee-table_2.webp,teak-coffee-table_3.webp",1
THAR-6071,Thar Coffee Table (6071),thar-coffee-table-6071,simple,publish,,,Furniture,Tables,Coffee Tables,"Large square coffee table with lower shelf and exposed joinery. Crafted in Acacia, Lime Cream finish. From the Thar collection. Dimensions: 110cm W x 110cm D x 36cm H.",Large square coffee table with lower shelf and exposed joinery.,Acacia,Lime Cream,110cm W x 110cm D x 36cm H,,1,,thar-coffee-table-6071_1.webp,1
THAR-6072,Thar Coffee Table (6072),thar-coffee-table-6072,simple,publish,,,Furniture,Tables,Coffee Tables,"Rectangular coffee table with lower shelf and exposed joinery. Crafted in Acacia, Lime Cream finish. From the Thar collection. Dimensions: 140cm W x 80cm D x 40cm H.",Rectangular coffee table with lower shelf and exposed joinery.,Acacia,Lime Cream,140cm W x 80cm D x 40cm H,,1,,thar-coffee-table-6072_1.webp,1
BALA-6010,Bala Console Two Drawer,bala-console-two-drawer,simple,publish,,,Furniture,Tables,Console Tables,"Console table with two drawers and lower shelf. Crafted in Acacia, Desert finish. From the Bala collection. Dimensions: 110cm W x 33cm D x 36cm H.",Console table with two drawers and lower shelf.,Acacia,Desert,110cm W x 33cm D x 36cm H,,1,,bala-console-two-drawer_1.webp,1
LABH-6140,Labh Table Console,labh-table-console,simple,publish,,,Furniture,Tables,Console Tables,"Console table with two drawers and lower shelf, dark mango. Crafted in Mango, Max Dark finish. From the Labh collection. Dimensions: 110cm W x 40cm D x 76cm H.","Console table with two drawers and lower shelf, dark mango.",Mango,Max Dark,110cm W x 40cm D x 76cm H,,1,,"labh-table-console_1.webp,labh-table-console_2.webp",1
PAWAN-1014,Pawan Console (1014),pawan-console-1014,simple,publish,,,Furniture,Tables,Console Tables,"Iron-framed console with inset wood top on double V-shaped iron legs. Crafted in Solid Wood, Iron, Natural Wood with Black Iron finish. From the Pawan collection. Dimensions: 150cm W x 50cm D x 76cm H.",Iron-framed console with inset wood top on double V-shaped iron legs.,"Solid Wood, Iron",Natural Wood with Black Iron,150cm W x 50cm D x 76cm H,,1,,"pawan-console-1014_1.webp,pawan-console-1014_2.webp,pawan-console-1014_3.webp",1
PAWAN-4008,Pawan Console Table,pawan-console-table,simple,publish,,,Furniture,Tables,Console Tables,"Console table with rounded block legs. Crafted in Mango, Colonial finish. From the Pawan collection. Dimensions: 120cm W x 44cm D x 77cm H.",Console table with rounded block legs.,Mango,Colonial,120cm W x 44cm D x 77cm H,,1,,"pawan-console-table_1.webp,pawan-console-table_2.webp",1
PAWAN-1009,Pawan Console Table (1009),pawan-console-table-1009,simple,publish,,,Furniture,Tables,Console Tables,"Narrow console with dimple-carved top on brushed-steel L-legs. Crafted in Solid Wood, Brushed Steel, Dark Walnut Brown finish. From the Pawan collection.",Narrow console with dimple-carved top on brushed-steel L-legs.,"Solid Wood, Brushed Steel",Dark Walnut Brown,,,1,,"pawan-console-table-1009_1.webp,pawan-console-table-1009_2.webp,pawan-console-table-1009_3.webp,pawan-console-table-1009_4.webp",1
REED-JN318001,Reed Console Table,reed-console-table,simple,publish,,,Furniture,Tables,Console Tables,"Slim console with a white marble top on two reeded mango-wood slab legs. Crafted in Solid Mango Wood, White Marble Top, Metal, Whitewashed Reeded Mango finish. From the Reed collection. Dimensions: 120cm W x 40cm D x 77cm H.",Slim console with a white marble top on two reeded mango-wood slab legs.,"Solid Mango Wood, White Marble Top, Metal",Whitewashed Reeded Mango,120cm W x 40cm D x 77cm H,,1,,"reed-console-table_1.webp,reed-console-table_2.webp,reed-console-table_3.webp,reed-console-table_4.webp,reed-console-table_5.webp,reed-console-table_6.webp,reed-console-table_7.webp,reed-console-table_8.webp,reed-console-table_9.webp,reed-console-table_10.webp,reed-console-table_11.webp,reed-console-table_12.webp",1
SHORA-4288,Shora Console,shora-console,simple,publish,,,Furniture,Tables,Console Tables,"Waterfall-leg console table in solid acacia. Crafted in Acacia, Lime finish finish. From the Shora collection. Dimensions: 129.5cm W x 43.2cm D x 76.2cm H.",Waterfall-leg console table in solid acacia.,Acacia,Lime finish,129.5cm W x 43.2cm D x 76.2cm H,,1,,"shora-console_1.webp,shora-console_2.webp",1
THAR-6062,Thar Console,thar-console,simple,publish,,,Furniture,Tables,Console Tables,"Console with two ribbed drawers and lower shelf. Crafted in Acacia, Lime Cream finish. From the Thar collection. Dimensions: 110cm W x 32cm D x 85cm H.",Console with two ribbed drawers and lower shelf.,Acacia,Lime Cream,110cm W x 32cm D x 85cm H,,1,,"thar-console_1.webp,thar-console_2.webp",1
BALA-6023,Bala Dining Table,bala-dining-table,simple,publish,,,Furniture,Tables,Dining Tables,"Rectangular solid acacia dining table on block legs. Crafted in Acacia, Desert finish. From the Bala collection. Dimensions: 200cm W x 95cm D x 77cm H.",Rectangular solid acacia dining table on block legs.,Acacia,Desert,200cm W x 95cm D x 77cm H,,1,,bala-dining-table_1.webp,1
LABH-6138,Labh Table Dining,labh-table-dining,simple,publish,,,Furniture,Tables,Dining Tables,"Rectangular mango dining table with chunky legs and banded top. Crafted in Mango, Max Dark finish. From the Labh collection. Dimensions: 180cm W x 90cm D x 78cm H.",Rectangular mango dining table with chunky legs and banded top.,Mango,Max Dark,180cm W x 90cm D x 78cm H,,1,,labh-table-dining_1.webp,1
PAWAN-4000,Pawan Dining Table,pawan-dining-table,simple,publish,,,Furniture,Tables,Dining Tables,"Rectangular dining table with rounded block legs. Crafted in Mango, Colonial finish. From the Pawan collection. Dimensions: 157cm W x 89cm D x 77cm H.",Rectangular dining table with rounded block legs.,Mango,Colonial,157cm W x 89cm D x 77cm H,,1,,"pawan-dining-table_1.webp,pawan-dining-table_2.webp",1
PAWAN-1001,Pawan Dining Table (1001),pawan-dining-table-1001,simple,publish,,,Furniture,Tables,Dining Tables,"Chamfered-edge solid wood top with a carved dimple band, on angular brushed-steel L-legs. Crafted in Solid Wood, Brushed Steel, Dark Walnut Brown finish. From the Pawan collection. Dimensions: 180cm W x 90cm D x 76cm H.","Chamfered-edge solid wood top with a carved dimple band, on angular brushed-steel L-legs.","Solid Wood, Brushed Steel",Dark Walnut Brown,180cm W x 90cm D x 76cm H,,1,,"pawan-dining-table-1001_1.webp,pawan-dining-table-1001_2.webp,pawan-dining-table-1001_3.webp,pawan-dining-table-1001_4.webp,pawan-dining-table-1001_5.webp",1
PAWAN-1013,Pawan Dining Table (1013),pawan-dining-table-1013,simple,publish,,,Furniture,Tables,Dining Tables,"Iron-framed dining table with inset wood top panel and sculpted V-shaped iron legs with arched mesh braces. Crafted in Solid Wood, Iron, Natural Wood with Black Iron finish. From the Pawan collection. Dimensions: 180cm W x 90cm D x 76cm H.",Iron-framed dining table with inset wood top panel and sculpted V-shaped iron legs with arched mesh braces.,"Solid Wood, Iron",Natural Wood with Black Iron,180cm W x 90cm D x 76cm H,,1,,"pawan-dining-table-1013_1.webp,pawan-dining-table-1013_2.webp,pawan-dining-table-1013_3.webp",1
PLUTO-6122,Pluto Dining Table,pluto-dining-table,simple,publish,,,Furniture,Tables,Dining Tables,"Rectangular dark acacia dining table. Crafted in Acacia, Max finish. From the Pluto collection. Dimensions: 152cm W x 90cm D x 78cm H.",Rectangular dark acacia dining table.,Acacia,Max,152cm W x 90cm D x 78cm H,,1,,pluto-dining-table_1.webp,1
REED-RI316016,Reed 200cm Dining Table,reed-200cm-dining-table,simple,publish,,,Furniture,Tables,Dining Tables,"Rectangular white marble top with softly rounded corners, set on two sculptural reeded mango-wood pedestal legs. Crafted in Solid Mango Wood, White Marble Top, Metal, Whitewashed Reeded Mango finish. From the Reed collection. Dimensions: 200cm W x 100cm D x 76cm H.","Rectangular white marble top with softly rounded corners, set on two sculptural reeded mango-wood pedestal legs.","Solid Mango Wood, White Marble Top, Metal",Whitewashed Reeded Mango,200cm W x 100cm D x 76cm H,,1,,"reed-200cm-dining-table_1.webp,reed-200cm-dining-table_2.webp,reed-200cm-dining-table_3.webp,reed-200cm-dining-table_4.webp,reed-200cm-dining-table_5.webp,reed-200cm-dining-table_6.webp,reed-200cm-dining-table_7.webp",1
REED-RPT-NOCODE,Reed Round Pedestal Dining Table,reed-round-pedestal-dining-table,simple,draft,,,Furniture,Tables,Dining Tables,"Round white marble top on a single reeded mango-wood drum pedestal. Crafted in Solid Mango Wood, White Marble Top, Metal, Whitewashed Reeded Mango finish. From the Reed collection.",Round white marble top on a single reeded mango-wood drum pedestal.,"Solid Mango Wood, White Marble Top, Metal",Whitewashed Reeded Mango,,,1,,"reed-round-pedestal-dining-table_1.webp,reed-round-pedestal-dining-table_2.webp,reed-round-pedestal-dining-table_3.webp,reed-round-pedestal-dining-table_4.webp,reed-round-pedestal-dining-table_5.webp,reed-round-pedestal-dining-table_6.webp",1
SHORA-4281,Shora Dining Table (4281),shora-dining-table-4281,simple,publish,,,Furniture,Tables,Dining Tables,"Square dining table in solid acacia with waterfall-style legs. Crafted in Acacia, Lime finish finish. From the Shora collection. Dimensions: 144.8cm W x 144.8cm D x 76.2cm H.",Square dining table in solid acacia with waterfall-style legs.,Acacia,Lime finish,144.8cm W x 144.8cm D x 76.2cm H,,1,,shora-dining-table-4281_1.webp,1
SHORA-4297,Shora Dining Table (4297),shora-dining-table-4297,simple,publish,,,Furniture,Tables,Dining Tables,"Square dining table in solid acacia with chunky block legs. Crafted in Acacia, Lime finish finish. From the Shora collection. Dimensions: 139.7cm W x 139.7cm D x 76.2cm H.",Square dining table in solid acacia with chunky block legs.,Acacia,Lime finish,139.7cm W x 139.7cm D x 76.2cm H,,1,,shora-dining-table-4297_1.webp,1
TEAK-TK-07,Teak Dining Table,teak-dining-table,simple,publish,,,Furniture,Tables,Dining Tables,"Patchwork teak dining table with a black iron-edged top and solid slab legs. Crafted in Iron, Teak Wood, MDF, Natural Lacquered finish. From the Teak collection. Dimensions: 195cm W x 100cm D x 76cm H.",Patchwork teak dining table with a black iron-edged top and solid slab legs.,"Iron, Teak Wood, MDF",Natural Lacquered,195cm W x 100cm D x 76cm H,,1,,"teak-dining-table_1.webp,teak-dining-table_2.webp",1
THAR-6076,Thar Dining Table (6076),thar-dining-table-6076,simple,publish,,,Furniture,Tables,Dining Tables,"Large rectangular solid acacia dining table. Crafted in Acacia, Lime Cream finish. From the Thar collection. Dimensions: 220cm W x 110cm D x 78cm H.",Large rectangular solid acacia dining table.,Acacia,Lime Cream,220cm W x 110cm D x 78cm H,,1,,thar-dining-table-6076_1.webp,1
THAR-6077,Thar Dining Table (6077),thar-dining-table-6077,simple,publish,,,Furniture,Tables,Dining Tables,"Rectangular solid acacia dining table. Crafted in Acacia, Lime Cream finish. From the Thar collection. Dimensions: 190cm W x 90cm D x 78cm H.",Rectangular solid acacia dining table.,Acacia,Lime Cream,190cm W x 90cm D x 78cm H,,1,,thar-dining-table-6077_1.webp,1
DRIFTWOOD-DRF05,Driftwood Drum Table,driftwood-drum-table,simple,publish,,,Furniture,Tables,Side Tables,"Solid drum side table in lime sand-blasted mango. Crafted in Mango, Lime Sand Blast finish. From the Driftwood collection. Dimensions: 30cm W x 30cm D x 47cm H.",Solid drum side table in lime sand-blasted mango.,Mango,Lime Sand Blast,30cm W x 30cm D x 47cm H,,1,,"driftwood-drum-table_1.webp,driftwood-drum-table_2.webp",1
DRIFTWOOD-DRF03,Driftwood Loft Table,driftwood-loft-table,simple,publish,,,Furniture,Tables,Side Tables,"Round-top folding loft table on X-legs in lime sand-blasted mango. Crafted in Mango, Lime Sand Blast finish. From the Driftwood collection. Dimensions: 71cm W x 71.12cm D x 64cm H.",Round-top folding loft table on X-legs in lime sand-blasted mango.,Mango,Lime Sand Blast,71cm W x 71.12cm D x 64cm H,,1,,"driftwood-loft-table_1.webp,driftwood-loft-table_2.webp,driftwood-loft-table_3.webp",1
TABLE-NC-6911,Natural Edge Side Table,natural-edge-side-table,simple,draft,,,Furniture,Tables,Side Tables,"Natural live-edge wood slab top with glass centre on black iron U-legs. Crafted in Solid Wood, Metal. From the Pawan Stools collection.",Natural live-edge wood slab top with glass centre on black iron U-legs.,"Solid Wood, Metal",,,,1,,natural-edge-side-table_1.webp,1
PAWAN-1002,Pawan Side Table (1002),pawan-side-table-1002,simple,publish,,,Furniture,Tables,Side Tables,"Square side table with dimple-carved top on brushed-steel L-legs. Crafted in Solid Wood, Brushed Steel, Dark Walnut Brown finish. From the Pawan collection. Dimensions: 50cm W x 50cm D x 45cm H.",Square side table with dimple-carved top on brushed-steel L-legs.,"Solid Wood, Brushed Steel",Dark Walnut Brown,50cm W x 50cm D x 45cm H,,1,,"pawan-side-table-1002_1.webp,pawan-side-table-1002_2.webp,pawan-side-table-1002_3.webp,pawan-side-table-1002_4.webp",1
PAWAN-1017,Pawan Side Table (1017),pawan-side-table-1017,simple,publish,,,Furniture,Tables,Side Tables,"Square iron-framed side table with inset wood top and splayed arched legs. Crafted in Solid Wood, Iron, Natural Wood with Black Iron finish. From the Pawan collection. Dimensions: 55cm W x 55cm D x 45cm H.",Square iron-framed side table with inset wood top and splayed arched legs.,"Solid Wood, Iron",Natural Wood with Black Iron,55cm W x 55cm D x 45cm H,,1,,"pawan-side-table-1017_1.webp,pawan-side-table-1017_2.webp,pawan-side-table-1017_3.webp",1
REED-X7312180,Reed Lamp Table,reed-lamp-table,simple,publish,,,Furniture,Tables,Side Tables,"Compact round drum side table with mango reeding and a white marble top. Crafted in Solid Mango Wood, White Marble Top, Metal, Whitewashed Reeded Mango finish. From the Reed collection. Dimensions: 40cm W x 40cm D x 45cm H.",Compact round drum side table with mango reeding and a white marble top.,"Solid Mango Wood, White Marble Top, Metal",Whitewashed Reeded Mango,40cm W x 40cm D x 45cm H,,1,,"reed-lamp-table_1.webp,reed-lamp-table_2.webp,reed-lamp-table_3.webp,reed-lamp-table_4.webp,reed-lamp-table_5.webp,reed-lamp-table_6.webp,reed-lamp-table_7.webp",1
THAR-6063,Thar Corner Table,thar-corner-table,simple,publish,,,Furniture,Tables,Side Tables,"Square corner table with lower shelf and exposed joinery. Crafted in Acacia, Lime Cream finish. From the Thar collection. Dimensions: 60cm W x 60cm D x 40cm H.",Square corner table with lower shelf and exposed joinery.,Acacia,Lime Cream,60cm W x 60cm D x 40cm H,,1,,thar-corner-table_1.webp,1
THAR-6065,Thar Miniset,thar-miniset,simple,publish,,,Furniture,Tables,Side Tables,"Set of two nesting side tables in chunky solid acacia with exposed corner joinery. Crafted in Acacia, Lime Cream finish. From the Thar collection. Dimensions: 55.5cm W x 45cm D x 46cm H.",Set of two nesting side tables in chunky solid acacia with exposed corner joinery.,Acacia,Lime Cream,55.5cm W x 45cm D x 46cm H,,1,,"thar-miniset_1.webp,thar-miniset_2.webp,thar-miniset_3.webp,thar-miniset_4.webp,thar-miniset_5.webp,thar-miniset_6.webp,thar-miniset_7.webp",1
DRIFTWOOD-DRF06,Driftwood Rectangular Tray,driftwood-rectangular-tray,simple,publish,,,Décor,Accents,Decorative Trays,"Rectangular tray with sunburst-pattern base in lime sand-blasted mango. Crafted in Mango, Lime Sand Blast finish. From the Driftwood collection. Dimensions: 59.436cm W x 45.72cm D x 10.16cm H.",Rectangular tray with sunburst-pattern base in lime sand-blasted mango.,Mango,Lime Sand Blast,59.436cm W x 45.72cm D x 10.16cm H,,1,,"driftwood-rectangular-tray_1.webp,driftwood-rectangular-tray_2.webp,driftwood-rectangular-tray_3.webp",1
DRIFTWOOD-DRF04,Driftwood Round Topper Tray,driftwood-round-topper-tray,simple,publish,,,Décor,Accents,Decorative Trays,"Round tray with sunburst-pattern base in lime sand-blasted mango. Crafted in Mango, Lime Sand Blast finish. From the Driftwood collection. Dimensions: 33.02cm W x 33.02cm D x 6.35cm H.",Round tray with sunburst-pattern base in lime sand-blasted mango.,Mango,Lime Sand Blast,33.02cm W x 33.02cm D x 6.35cm H,,1,,"driftwood-round-topper-tray_1.webp,driftwood-round-topper-tray_2.webp",1
BALA-6024,Bala Set of Mirror (Three),bala-set-of-mirror-three,simple,publish,,,Mirrors,Wall Mirrors,,"Set of three wall mirrors with solid acacia frames. Crafted in Acacia, Desert finish. From the Bala collection. Dimensions: 195cm W x 2.5cm D x 90cm H.",Set of three wall mirrors with solid acacia frames.,Acacia,Desert,195cm W x 2.5cm D x 90cm H,,1,,bala-set-of-mirror-three_1.webp,1
DRIFTWOOD-DRF02,Driftwood Rectangular Mirror,driftwood-rectangular-mirror,simple,publish,,,Mirrors,Wall Mirrors,,"Rectangular mirror with wide textured frame in lime sand-blasted mango. Crafted in Mango, Lime Sand Blast finish. From the Driftwood collection. Dimensions: 152.4cm W x 10cm D x 81cm H.",Rectangular mirror with wide textured frame in lime sand-blasted mango.,Mango,Lime Sand Blast,152.4cm W x 10cm D x 81cm H,,1,,"driftwood-rectangular-mirror_1.webp,driftwood-rectangular-mirror_2.webp,driftwood-rectangular-mirror_3.webp",1
DRIFTWOOD-DRF01,Driftwood Round Mirror,driftwood-round-mirror,simple,publish,,,Mirrors,Wall Mirrors,,"Round mirror with wide textured frame in lime sand-blasted mango. Crafted in Mango, Lime Sand Blast finish. From the Driftwood collection. Dimensions: 90cm W x 10cm D x 90cm H.",Round mirror with wide textured frame in lime sand-blasted mango.,Mango,Lime Sand Blast,90cm W x 10cm D x 90cm H,,1,,"driftwood-round-mirror_1.webp,driftwood-round-mirror_2.webp",1
LABH-6142,Labh Mirror,labh-mirror,simple,publish,,,Mirrors,Wall Mirrors,,"Rectangular wall mirror with dark mango frame. Crafted in Mango, Max Dark finish. From the Labh collection. Dimensions: 78cm W x 3cm D x 110cm H.",Rectangular wall mirror with dark mango frame.,Mango,Max Dark,78cm W x 3cm D x 110cm H,,1,,"labh-mirror_1.webp,labh-mirror_2.webp",1
PAWAN-1007,Pawan Mirror (1007),pawan-mirror-1007,simple,publish,,,Mirrors,Wall Mirrors,,"Rectangular mirror with a dimple-carved top rail and angled wooden frame. Crafted in Solid Wood, Brushed Steel, Dark Walnut Brown finish. From the Pawan collection.",Rectangular mirror with a dimple-carved top rail and angled wooden frame.,"Solid Wood, Brushed Steel",Dark Walnut Brown,,,1,,"pawan-mirror-1007_1.webp,pawan-mirror-1007_2.webp",1
PAWAN-3998,Pawan Mirror Frame,pawan-mirror-frame,simple,publish,,,Mirrors,Wall Mirrors,,"Bevel-edged wall mirror with wide dark wood frame. Crafted in Mango, Colonial finish. From the Pawan collection. Dimensions: 120cm W x 3cm D x 90cm H.",Bevel-edged wall mirror with wide dark wood frame.,Mango,Colonial,120cm W x 3cm D x 90cm H,,1,,"pawan-mirror-frame_1.webp,pawan-mirror-frame_2.webp",1
SHORA-4286,Shora Mirror,shora-mirror,simple,publish,,,Mirrors,Wall Mirrors,,"Rectangular wall mirror with rustic acacia frame. Crafted in Acacia, Lime finish finish. From the Shora collection. Dimensions: 99.1cm W x 5.1cm D x 83.8cm H.",Rectangular wall mirror with rustic acacia frame.,Acacia,Lime finish,99.1cm W x 5.1cm D x 83.8cm H,,1,,shora-mirror_1.webp,1
TEAK-TK-05,Teak Mirror,teak-mirror,simple,publish,,,Mirrors,Wall Mirrors,,"Large rectangular mirror framed in patchwork teak with a black iron edge. Crafted in Iron, Teak Wood, MDF, Natural Lacquered finish. From the Teak collection. Dimensions: 80cm W x 140cm H.",Large rectangular mirror framed in patchwork teak with a black iron edge.,"Iron, Teak Wood, MDF",Natural Lacquered,80cm W x 140cm H,,1,,teak-mirror_1.webp,1
THAR-6073,Thar Mirror,thar-mirror,simple,publish,,,Mirrors,Wall Mirrors,,"Tall rectangular mirror with solid acacia frame. Crafted in Acacia, Lime Cream finish. From the Thar collection. Dimensions: 80cm W x 6cm D x 180cm H.",Tall rectangular mirror with solid acacia frame.,Acacia,Lime Cream,80cm W x 6cm D x 180cm H,,1,,"thar-mirror_1.webp,thar-mirror_2.webp",1
BALA-6025,Bala Shelf,bala-shelf,simple,publish,,,Storage,Wall Shelves,,"Long wall shelf in solid acacia. Crafted in Acacia, Desert finish. From the Bala collection. Dimensions: 168cm W x 20cm D x 15cm H.",Long wall shelf in solid acacia.,Acacia,Desert,168cm W x 20cm D x 15cm H,,1,,bala-shelf_1.webp,1
PAWAN-WS-NOCODE,Pawan Wall Shelf (Dimple Range),pawan-wall-shelf-dimple-range,simple,draft,,,Storage,Wall Shelves,,"Wall-mounted shelf with a dimple-carved back rail. Crafted in Solid Wood, Brushed Steel, Dark Walnut Brown finish. From the Pawan collection.",Wall-mounted shelf with a dimple-carved back rail.,"Solid Wood, Brushed Steel",Dark Walnut Brown,,,1,,"pawan-wall-shelf-dimple-range_1.webp,pawan-wall-shelf-dimple-range_2.webp",1
